ESG,ESRS impact,Maturity level,People current,People future,Process current,Process future,Policy current,Policy future
Environmental,Energy consumption,,"Within the people dimension (skills, knowledge), what is your digital energy competency? Please click on the description that best fits your company's current situation. ","Within the people dimension (skills, knowledge), what is your goal for your digital energy competency? Please click on the description that best fits your company's future desired situation. ","Within the process dimension (equipment, production), what is your digital energy intelligence? Please click on the description that best fits your company's current situation. ","Within the process dimension (equipment, production), what is your goal for your digital energy intelligence? Please click on the description that best fits your company's future desired situation. ","Within the policy dimension (strategy, formalization), what is your digital energy integration? Please click on the description that best fits your company's current situation. ","Within the policy dimension (strategy, formalization), what is your goal for your digital energy integration? Please click on the description that best fits your company's future desired situation. "
Environmental,Energy consumption,1,"Most employees have limited access to basic, historical energy consumption reports. Data is siloed and not actionable in real time.","Most employees have limited access to basic, historical energy consumption reports. Data is siloed and not actionable in real time.",Energy data is automatically collected at regular intervals from key systems and consolidated into dashboards or reports. The focus is on summarizing what happened in terms of total plant energy usage. ,Energy data is automatically collected at regular intervals from key systems and consolidated into dashboards or reports. The focus is on summarizing what happened in terms of total plant energy usage. ,Basic energy policies are in place but rely on manual processes with no digital tools for tracking or enforcement.,Basic energy policies are in place but rely on manual processes with no digital tools for tracking or enforcement.
Environmental,Energy consumption,2,"Most staff regularly review energy usage dashboards, identify simple anomalies (e.g., unexpected spikes), and report them for further analysis.","Most staff regularly review energy usage dashboards, identify simple anomalies (e.g., unexpected spikes), and report them for further analysis.","Operators and engineers use real-time and historical data to analyze why energy consumption deviated from expected patterns. Tools support the identification of inefficiencies, equipment issues, or production anomalies that drive higher usage.","Operators and engineers use real-time and historical data to analyze why energy consumption deviated from expected patterns. Tools support the identification of inefficiencies, equipment issues, or production anomalies that drive higher usage.",Policies require digital systems to monitor energy usage and provide diagnostic insights for identifying inefficiencies.,Policies require digital systems to monitor energy usage and provide diagnostic insights for identifying inefficiencies.
Environmental,Energy consumption,3,Most employees receive system-generated alerts forecasting potential energy overuse. These are integrated into shift planning and equipment scheduling.,Most employees receive system-generated alerts forecasting potential energy overuse. These are integrated into shift planning and equipment scheduling.,"Predictive models estimate total energy usage based on upcoming production schedules, environmental factors, and historical data, allowing proactive planning for peak demand periods or energy-saving opportunities.","Predictive models estimate total energy usage based on upcoming production schedules, environmental factors, and historical data, allowing proactive planning for peak demand periods or energy-saving opportunities.",Policies integrate predictive tools that forecast energy demand and support proactive planning based on data trends.,Policies integrate predictive tools that forecast energy demand and support proactive planning based on data trends.
Environmental,Energy consumption,4,"Advanced analytics systems recommend specific energy-saving actions (e.g., machine sequencing, temperature control adjustments), which are incorporated into daily routines.","Advanced analytics systems recommend specific energy-saving actions (e.g., machine sequencing, temperature control adjustments), which are incorporated into daily routines.","Systems recommend or automatically implement adjustments, such as rescheduling energy-intensive tasks or optimizing machine settings, to reduce total energy usage while meeting production targets.","Systems recommend or automatically implement adjustments, such as rescheduling energy-intensive tasks or optimizing machine settings, to reduce total energy usage while meeting production targets.","Policies mandate systems that automate energy-saving actions in real time, based on defined rules and operational data.","Policies mandate systems that automate energy-saving actions in real time, based on defined rules and operational data."
Environmental,Energy consumption,5,"Self-learning systems automatically optimize total energy consumption across processes. Employees intervene only for rare, complex exceptions or overrides.","Self-learning systems automatically optimize total energy consumption across processes. Employees intervene only for rare, complex exceptions or overrides.",The plant operates with fully autonomous energy optimization. AI systems continuously ingest live data and adjust production processes in real time to minimize energy consumption without human input.,The plant operates with fully autonomous energy optimization. AI systems continuously ingest live data and adjust production processes in real time to minimize energy consumption without human input.,Policies embed AI-driven systems that learn from operations and autonomously optimize energy use across the plant.,Policies embed AI-driven systems that learn from operations and autonomously optimize energy use across the plant.
Environmental,GHG emissions,,"Within the people dimension (skills, knowledge), what is your digital Scope 1 competency? Please click on the description that best fits your company's current situation. ","Within the people dimension (skills, knowledge), what is your goal for your digital Scope 1 competency? Please click on the description that best fits your company's future desired situation. ","Within the process dimension (equipment, production), what is your digital Scope 1 intelligence? Please click on the description that best fits your company's current situation. ","Within the process dimension (equipment, production), what is your goal for your digital Scope 1 intelligence? Please click on the description that best fits your company's future desired situation. ","Within the policy dimension (strategy, formalization), what is your digital Scope 1 integration? Please click on the description that best fits your company's current situation. ","Within the policy dimension (strategy, formalization), what is your goal for your digital Scope 1 integration? Please click on the description that best fits your company's future desired situation. "
Environmental,GHG emissions,1,"Few employees are trained or actively using digital tools to track Scope 1 emissions. Data, if available, is siloed and retrospective, with minimal operational impact.","Few employees are trained or actively using digital tools to track Scope 1 emissions. Data, if available, is siloed and retrospective, with minimal operational impact.","Scope 1 emissions data (e.g., fuel use, refrigerant leaks, process gas losses) is manually collected and reported post-process. Insights are typically delayed and reactive.","Scope 1 emissions data (e.g., fuel use, refrigerant leaks, process gas losses) is manually collected and reported post-process. Insights are typically delayed and reactive.","General Scope 1 emissions targets exist, but they are not connected to digital systems. Monitoring and reduction efforts are manual and reactive.","General Scope 1 emissions targets exist, but they are not connected to digital systems. Monitoring and reduction efforts are manual and reactive."
Environmental,GHG emissions,2,"Targeted employees are trained to use dashboards and diagnostic tools (e.g., SCADA, MES) to identify sources of Scope 1 emissions. Monitoring is routine but mostly reactive.","Targeted employees are trained to use dashboards and diagnostic tools (e.g., SCADA, MES) to identify sources of Scope 1 emissions. Monitoring is routine but mostly reactive.","Operators use diagnostic tools (e.g., SCADA alarms, sensor alerts) to detect abnormal usage of high-emission inputs and manually intervene to address issues such as excessive fuel burn or refrigerant use.","Operators use diagnostic tools (e.g., SCADA alarms, sensor alerts) to detect abnormal usage of high-emission inputs and manually intervene to address issues such as excessive fuel burn or refrigerant use.","Digital audits are required to monitor Scope 1 emissions drivers, such as fuel use, refrigerants, and process gases, enabling diagnostics and performance reviews.","Digital audits are required to monitor Scope 1 emissions drivers, such as fuel use, refrigerants, and process gases, enabling diagnostics and performance reviews."
Environmental,GHG emissions,3,Staff respond to system-generated alerts and forecasts predicting potential Scope 1 emissions events. Preventive actions are taken during planning and operations.,Staff respond to system-generated alerts and forecasts predicting potential Scope 1 emissions events. Preventive actions are taken during planning and operations.,"Predictive analytics model expected Scope 1 emissions based on production plans, weather, and equipment condition. The system alerts teams to potential emissions peaks, enabling early planning and mitigation.","Predictive analytics model expected Scope 1 emissions based on production plans, weather, and equipment condition. The system alerts teams to potential emissions peaks, enabling early planning and mitigation.",Policies require predictive models that forecast Scope 1 emissions based on operational plans and identify high-emission scenarios in advance.,Policies require predictive models that forecast Scope 1 emissions based on operational plans and identify high-emission scenarios in advance.
Environmental,GHG emissions,4,"Employees use prescriptive analytics and digital recommendations (e.g., optimal equipment settings, maintenance schedules) to minimize Scope 1 emissions as part of standard workflows.","Employees use prescriptive analytics and digital recommendations (e.g., optimal equipment settings, maintenance schedules) to minimize Scope 1 emissions as part of standard workflows.","Digital systems recommend specific operational changes (such as adjusting burner settings, switching cooling modes, or modifying process sequences) to proactively reduce Scope 1 emissions in real time.","Digital systems recommend specific operational changes (such as adjusting burner settings, switching cooling modes, or modifying process sequences) to proactively reduce Scope 1 emissions in real time.","Prescriptive control systems are used in real time to optimise operations and reduce Scope 1 emissions, based on defined thresholds and operational data.","Prescriptive control systems are used in real time to optimise operations and reduce Scope 1 emissions, based on defined thresholds and operational data."
Environmental,GHG emissions,5,"Employees actively contribute to continuous improvement platforms, sharing outcomes and insights that enhance adaptive digital systems managing Scope 1 emissions.","Employees actively contribute to continuous improvement platforms, sharing outcomes and insights that enhance adaptive digital systems managing Scope 1 emissions.","AI systems autonomously control combustion, cooling, heating, and other emissions-relevant processes in real time. They continuously optimize to minimize Scope 1 emissions while maintaining safety and performance, without requiring human intervention.","AI systems autonomously control combustion, cooling, heating, and other emissions-relevant processes in real time. They continuously optimize to minimize Scope 1 emissions while maintaining safety and performance, without requiring human intervention.","Policies mandate autonomous optimisation of Scope 1 emissions, with AI-driven systems adjusting processes without manual input, while governance ensures oversight and validation.","Policies mandate autonomous optimisation of Scope 1 emissions, with AI-driven systems adjusting processes without manual input, while governance ensures oversight and validation."
Environmental,Air pollution,,"Within the people dimension (skills, knowledge), what is your digital air pollutant competency? Please click on the description that best fits your company's current situation. ","Within the people dimension (skills, knowledge), what is your goal for your digital air pollutant competency? Please click on the description that best fits your company's future desired situation. ","Within the process dimension (equipment, production), what is your digital air pollutant intelligence? Please click on the description that best fits your company's current situation. ","Within the process dimension (equipment, production), what is your goal for your digital air pollutant intelligence? Please click on the description that best fits your company's future desired situation. ","Within the policy dimension (strategy, formalization), what is your digital air pollutant integration? Please click on the description that best fits your company's current situation. ","Within the policy dimension (strategy, formalization), what is your goal for your digital air pollutant integration? Please click on the description that best fits your company's future desired situation. "
Environmental,Air pollution,1,Awareness campaigns highlight air pollution sources and health/environmental risks. Most employees have limited access to emissions data or tools.,Awareness campaigns highlight air pollution sources and health/environmental risks. Most employees have limited access to emissions data or tools.,Air emissions data is manually recorded or collected after the fact. Analysis is retrospective and used primarily for compliance reporting rather than operational control.,Air emissions data is manually recorded or collected after the fact. Analysis is retrospective and used primarily for compliance reporting rather than operational control.,"Static air pollutant emissions targets exist, but they are not connected to digital systems. Monitoring and control are manual and retrospective.","Static air pollutant emissions targets exist, but they are not connected to digital systems. Monitoring and control are manual and retrospective."
Environmental,Air pollution,2,Targeted employees receive training on diagnostic tools to trace the root causes of air pollutant emissions. Monitoring is reactive but increasingly systematic.,Targeted employees receive training on diagnostic tools to trace the root causes of air pollutant emissions. Monitoring is reactive but increasingly systematic.,"Digital tools provide real-time data on emissions and trace deviations or spikes to specific processes, equipment, or operating conditions.","Digital tools provide real-time data on emissions and trace deviations or spikes to specific processes, equipment, or operating conditions.","Policies require digital diagnostics and audits to monitor air emissions events, with systems identifying sources and patterns of emissions.","Policies require digital diagnostics and audits to monitor air emissions events, with systems identifying sources and patterns of emissions."
Environmental,Air pollution,3,Trained employees respond to predictive alerts and forecasts warning of potential emissions spikes. Actions are taken in advance to avoid exceedances.,Trained employees respond to predictive alerts and forecasts warning of potential emissions spikes. Actions are taken in advance to avoid exceedances.,"Predictive analytics forecast potential emissions events (e.g., venting, VOC exceedances) based on process conditions, feedstock variability, or equipment status, allowing teams to proactively prepare or intervene.","Predictive analytics forecast potential emissions events (e.g., venting, VOC exceedances) based on process conditions, feedstock variability, or equipment status, allowing teams to proactively prepare or intervene.","Predictive emissions modelling is embedded in operational planning and reporting, allowing early identification of potential exceedances and risk areas.","Predictive emissions modelling is embedded in operational planning and reporting, allowing early identification of potential exceedances and risk areas."
Environmental,Air pollution,4,Employees collaborate with prescriptive digital systems that recommend real-time operational adjustments to reduce emissions. Confirmations and feedback are logged in production systems.,Employees collaborate with prescriptive digital systems that recommend real-time operational adjustments to reduce emissions. Confirmations and feedback are logged in production systems.,"Systems automatically adjust process parameters or activate abatement measures (e.g., scrubbers, thermal oxidizers) to prevent emissions from exceeding regulatory or internal thresholds, optimizing both process and environmental performance.","Systems automatically adjust process parameters or activate abatement measures (e.g., scrubbers, thermal oxidizers) to prevent emissions from exceeding regulatory or internal thresholds, optimizing both process and environmental performance.","Prescriptive digital control systems are mandated for high-risk processes (e.g., painting, sterilisation), optimising emissions in real time based on process data.","Prescriptive digital control systems are mandated for high-risk processes (e.g., painting, sterilisation), optimising emissions in real time based on process data."
Environmental,Air pollution,5,"Peer-learning platforms support ongoing knowledge exchange. Employees co-develop solutions with adaptive systems, embedding emissions minimization practices across operations.","Peer-learning platforms support ongoing knowledge exchange. Employees co-develop solutions with adaptive systems, embedding emissions minimization practices across operations.","AI-driven systems continuously monitor and optimize both core processes and emissions control systems in real time, autonomously managing emissions to stay within compliance limits and minimize environmental impact, without human intervention.","AI-driven systems continuously monitor and optimize both core processes and emissions control systems in real time, autonomously managing emissions to stay within compliance limits and minimize environmental impact, without human intervention.","Policies require adaptive, autonomous emissions reduction systems as standard, with digital platforms self-adjusting to minimise emissions and human involvement limited to exception handling.","Policies require adaptive, autonomous emissions reduction systems as standard, with digital platforms self-adjusting to minimise emissions and human involvement limited to exception handling."
Environmental,Hazardous chemical use,,"Within the people dimension (skills, knowledge), what is your digital hazardous chemical use competency? Please click on the description that best fits your company's current situation. ","Within the people dimension (skills, knowledge), what is your goal for your digital hazardous chemical use competency? Please click on the description that best fits your company's future desired situation. ","Within the process dimension (equipment, production), what is your digital hazardous chemical use intelligence? Please click on the description that best fits your company's current situation. ","Within the process dimension (equipment, production), what is your goal for your digital hazardous chemical use intelligence? Please click on the description that best fits your company's future desired situation. ","Within the policy dimension (strategy, formalization), what is your digital hazardous chemical use integration? Please click on the description that best fits your company's current situation. ","Within the policy dimension (strategy, formalization), what is your goal for your digital hazardous chemical use integration? Please click on the description that best fits your company's future desired situation. "
Environmental,Hazardous chemical use,1,Employees are made aware of the risks and legal obligations related to hazardous chemical use. Digital tracking is limited or non-existent at the operator level.,Employees are made aware of the risks and legal obligations related to hazardous chemical use. Digital tracking is limited or non-existent at the operator level.,"Hazardous chemical use is logged manually or tracked on a batch-by-batch basis. Data is used for compliance or inventory purposes, with limited insight into operational efficiency or risk.","Hazardous chemical use is logged manually or tracked on a batch-by-batch basis. Data is used for compliance or inventory purposes, with limited insight into operational efficiency or risk.","Basic substitution targets exist, but they are not linked to digital systems. Monitoring and management of hazardous substances are manual and fragmented.","Basic substitution targets exist, but they are not linked to digital systems. Monitoring and management of hazardous substances are manual and fragmented."
Environmental,Hazardous chemical use,2,Operators receive training on using digital dashboards  to monitor and trace hazardous substance usage in real time.,Operators receive training on using digital dashboards  to monitor and trace hazardous substance usage in real time.,"Digital systems (e.g., ERP, MES) track hazardous material use in real time across processes, enabling better visibility, traceability, and incident response.","Digital systems (e.g., ERP, MES) track hazardous material use in real time across processes, enabling better visibility, traceability, and incident response.",Policies require digital diagnostics to track hazardous substance use and identify high-risk materials and processes.,Policies require digital diagnostics to track hazardous substance use and identify high-risk materials and processes.
Environmental,Hazardous chemical use,3,"Employees use predictive alerts and system notifications to identify potential overuse, exposure risks, or compliance issues before they occur.","Employees use predictive alerts and system notifications to identify potential overuse, exposure risks, or compliance issues before they occur.","Predictive models forecast future hazardous chemical demand based on production schedules and historical usage, while also identifying risks of overuse, waste, or non-compliance.","Predictive models forecast future hazardous chemical demand based on production schedules and historical usage, while also identifying risks of overuse, waste, or non-compliance.",Predictive modelling is required in procurement and process planning to anticipate hazardous chemical use and evaluate safer alternatives.,Predictive modelling is required in procurement and process planning to anticipate hazardous chemical use and evaluate safer alternatives.
Environmental,Hazardous chemical use,4,"Staff work with prescriptive tools that recommend safer handling procedures or viable substitutions for hazardous chemicals, which are integrated into workflows.","Staff work with prescriptive tools that recommend safer handling procedures or viable substitutions for hazardous chemicals, which are integrated into workflows.","Systems recommend improvements such as safer material substitutions, optimized process parameters, or smarter procurement strategies to reduce hazardous chemical use while maintaining performance.","Systems recommend improvements such as safer material substitutions, optimized process parameters, or smarter procurement strategies to reduce hazardous chemical use while maintaining performance.","Prescriptive substitution and phase-out systems are integrated into operational procedures, guiding real-time decision-making to reduce hazardous chemical usage.","Prescriptive substitution and phase-out systems are integrated into operational procedures, guiding real-time decision-making to reduce hazardous chemical usage."
Environmental,Hazardous chemical use,5,Employees contribute to digital communities of practice focused on continuous improvement and substitution strategies. Feedback loops help evolve adaptive systems that minimize hazardous chemical use.,Employees contribute to digital communities of practice focused on continuous improvement and substitution strategies. Feedback loops help evolve adaptive systems that minimize hazardous chemical use.,"AI systems autonomously manage procurement, process recipes, and production parameters in real time to minimize the use of hazardous chemicals, balancing cost, safety, and environmental goals without human input.","AI systems autonomously manage procurement, process recipes, and production parameters in real time to minimize the use of hazardous chemicals, balancing cost, safety, and environmental goals without human input.","Adaptive systems are mandated to autonomously optimise and substitute hazardous chemicals, continuously learning from operations, with minimal human intervention.","Adaptive systems are mandated to autonomously optimise and substitute hazardous chemicals, continuously learning from operations, with minimal human intervention."
Environmental,Resource use,,"Within the people dimension (skills, knowledge), what is your digital resource use efficiency competency? Please click on the description that best fits your company's current situation. ","Within the people dimension (skills, knowledge), what is your goal for your digital resource use efficiency competency? Please click on the description that best fits your company's future desired situation. ","Within the process dimension (equipment and production), what is your digital resource efficiency intelligence? Please click on the description that best fits your company's current situation. ","Within the process dimension (equipment and production), what is your goal for your digital resource efficiency intelligence? Please click on the description that best fits your company's future desired situation. ","Within the policy dimension (strategy, formalization), what is your digital resource use integration? Please click on the description that best fits your company's current situation. ","Within the policy dimension (strategy, formalization), what is your goal for your digital resource use integration? Please click on the description that best fits your company's future desired situation. "
Environmental,Resource use,1,Awareness campaigns inform employees about resource consumption risks and material efficiency principles. Digital engagement is minimal.,Awareness campaigns inform employees about resource consumption risks and material efficiency principles. Digital engagement is minimal.,"Raw material consumption is recorded manually or after the production process. Data is used primarily for inventory or compliance, with minimal insight into efficiency.","Raw material consumption is recorded manually or after the production process. Data is used primarily for inventory or compliance, with minimal insight into efficiency.","General material efficiency targets exist, but they are not connected to digital systems. Monitoring and action are manual and disconnected from operations.","General material efficiency targets exist, but they are not connected to digital systems. Monitoring and action are manual and disconnected from operations."
Environmental,Resource use,2,"Targeted training enables staff to use digital dashboards (e.g., MES, ERP) to identify instances of material overuse and inefficiency.","Targeted training enables staff to use digital dashboards (e.g., MES, ERP) to identify instances of material overuse and inefficiency.","Manufacturing Execution Systems (MES) and process tools provide real-time diagnostics and trends on material usage, helping identify inefficiencies and overuse as they occur.","Manufacturing Execution Systems (MES) and process tools provide real-time diagnostics and trends on material usage, helping identify inefficiencies and overuse as they occur.","Policies require digital diagnostics to identify material overuse and waste, using systems such as MES (Manufacturing Execution Systems) and SPC (Statistical Process Control).","Policies require digital diagnostics to identify material overuse and waste, using systems such as MES (Manufacturing Execution Systems) and SPC (Statistical Process Control)."
Environmental,Resource use,3,Employees interpret predictive models that forecast material consumption risks. Preventive actions are taken to reduce waste and inefficiency.,Employees interpret predictive models that forecast material consumption risks. Preventive actions are taken to reduce waste and inefficiency.,"Predictive models use production plans, product mix, and historical data to forecast material consumption, supporting proactive inventory and process optimization.","Predictive models use production plans, product mix, and historical data to forecast material consumption, supporting proactive inventory and process optimization.","Predictive modelling of material efficiency is embedded in production planning and reporting, supporting proactive adjustments based on expected consumption and waste patterns.","Predictive modelling of material efficiency is embedded in production planning and reporting, supporting proactive adjustments based on expected consumption and waste patterns."
Environmental,Resource use,4,Staff collaborate with prescriptive tools that recommend process or schedule adjustments to improve material efficiency. Actions are regularly implemented and reviewed.,Staff collaborate with prescriptive tools that recommend process or schedule adjustments to improve material efficiency. Actions are regularly implemented and reviewed.,"Systems recommend adjustments to production sequences, batch sizes, or process steps to reduce material use while maintaining quality and throughput.","Systems recommend adjustments to production sequences, batch sizes, or process steps to reduce material use while maintaining quality and throughput.","Prescriptive systems are embedded in daily operations, automatically adjusting processes and material inputs in real time to meet efficiency targets.","Prescriptive systems are embedded in daily operations, automatically adjusting processes and material inputs in real time to meet efficiency targets."
Environmental,Resource use,5,"Employees actively participate in knowledge-sharing platforms. Real-world insights feed into adaptive digital systems, driving ongoing improvements in resource consumption.","Employees actively participate in knowledge-sharing platforms. Real-world insights feed into adaptive digital systems, driving ongoing improvements in resource consumption.","AI-driven systems autonomously manage material inputs and process parameters in real time, continuously optimizing for minimal raw material use without human intervention.","AI-driven systems autonomously manage material inputs and process parameters in real time, continuously optimizing for minimal raw material use without human intervention.","Policies mandate adaptive, autonomous material optimisation systems, which continuously refine material use without manual input, with human oversight reserved for validation and exception handling.","Policies mandate adaptive, autonomous material optimisation systems, which continuously refine material use without manual input, with human oversight reserved for validation and exception handling."
Environmental,Waste management ,,"Within the people dimension (skills and knowledge), what is your digital waste management competency? Please click on the description that best fits your company's current situation. ","Within the people dimension (skills and knowledge), what is your goal for your digital waste management competency? Please click on the description that best fits your company's future desired situation. ","Within the process dimension (equipment and production), what is your digital waste management intelligence? Please click on the description that best fits your company's current situation. ","Within the process dimension (equipment and production), what is your goal for your digital waste management intelligence? Please click on the description that best fits your company's future desired situation. ","Within the policy dimension (strategy, formalization), what is your digital waste management integration? Please click on the description that best fits your company's current situation. ","Within the policy dimension (strategy, formalization), what is your goal for your digital waste management integration? Please click on the description that best fits your company's future desired situation. "
Environmental,Waste management ,1,"Awareness campaigns inform employees about waste types, segregation, and management principles. Digital tools are not actively used.","Awareness campaigns inform employees about waste types, segregation, and management principles. Digital tools are not actively used.","Waste data is collected manually, typically for compliance or reporting. Limited granularity and no real-time visibility into waste generation trends or causes.","Waste data is collected manually, typically for compliance or reporting. Limited granularity and no real-time visibility into waste generation trends or causes.","Basic waste reduction targets exist, but they are not connected to digital systems. Monitoring and management are manual, with limited operational alignment.","Basic waste reduction targets exist, but they are not connected to digital systems. Monitoring and management are manual, with limited operational alignment."
Environmental,Waste management ,2,"Employees are trained to use digital dashboards (e.g., MES, SPC) to monitor waste streams and identify high-waste areas or processes.","Employees are trained to use digital dashboards (e.g., MES, SPC) to monitor waste streams and identify high-waste areas or processes.","Digital dashboards (e.g., MES, ERP) track waste generation by type (hazardous, non-hazardous) and stream (e.g., solid, liquid, packaging) in real time, enabling better categorization and basic analysis.","Digital dashboards (e.g., MES, ERP) track waste generation by type (hazardous, non-hazardous) and stream (e.g., solid, liquid, packaging) in real time, enabling better categorization and basic analysis.","Policies require diagnostics of waste generation via digital tools, enabling visibility into waste types, volumes, and sources across production processes.","Policies require diagnostics of waste generation via digital tools, enabling visibility into waste types, volumes, and sources across production processes."
Environmental,Waste management ,3,Staff use predictive dashboards to detect trends in waste generation and take early action to prevent excess waste.,Staff use predictive dashboards to detect trends in waste generation and take early action to prevent excess waste.,"Predictive models forecast potential waste generation based on production schedules, process variability, and historical trends. Risks of overgeneration or disposal bottlenecks can be anticipated.","Predictive models forecast potential waste generation based on production schedules, process variability, and historical trends. Risks of overgeneration or disposal bottlenecks can be anticipated.","Predictive models are required in production and waste management planning, using data trends to forecast waste generation and support proactive reduction strategies.","Predictive models are required in production and waste management planning, using data trends to forecast waste generation and support proactive reduction strategies."
Environmental,Waste management ,4,Employees engage with prescriptive systems that recommend targeted segregation strategies and process improvements to reduce waste.,Employees engage with prescriptive systems that recommend targeted segregation strategies and process improvements to reduce waste.,"Systems recommend targeted process changes, improved material sorting, recycling strategies, or scheduling tweaks to minimize waste output and enhance diversion.","Systems recommend targeted process changes, improved material sorting, recycling strategies, or scheduling tweaks to minimize waste output and enhance diversion.","Prescriptive systems are mandated to support live segregation decision-making, guiding real-time waste handling and separation to optimise recycling and disposal.","Prescriptive systems are mandated to support live segregation decision-making, guiding real-time waste handling and separation to optimise recycling and disposal."
Environmental,Waste management ,5,"Employees participate in adaptive digital platforms to share insights and co-develop strategies for continuous waste reduction, supporting zero-waste goals.","Employees participate in adaptive digital platforms to share insights and co-develop strategies for continuous waste reduction, supporting zero-waste goals.","AI-driven systems continuously and autonomously optimize waste flows, recycling operations, and production processes to reduce waste generation in real time, minimizing environmental impact and disposal costs without manual intervention.","AI-driven systems continuously and autonomously optimize waste flows, recycling operations, and production processes to reduce waste generation in real time, minimizing environmental impact and disposal costs without manual intervention.","Policies require adaptive systems that manage waste automatically, using autonomous controls to reduce, segregate, and direct waste streams, with human intervention only for exceptions.","Policies require adaptive systems that manage waste automatically, using autonomous controls to reduce, segregate, and direct waste streams, with human intervention only for exceptions."
Environmental,Diversity & inclusion,,"Within the people dimension (skills and knowledge), what is your digital diversity and inclusion competency? Please click on the description that best fits your company's current situation. ","Within the people dimension (skills and knowledge), what is your goal for your digital diversity and inclusion competency? Please click on the description that best fits your company's future desired situation. ","Within the process dimension (equipment and production), what is your digital diversity and inclusion intelligence? Please click on the description that best fits your company's current situation. ","Within the process dimension (equipment and production), what is your goal for your digital diversity and inclusion intelligence? Please click on the description that best fits your company's future desired situation. ","Within the policy dimension (strategy, formalization), what is your digital diversity and inclusion integration? Please click on the description that best fits your company's current situation. ","Within the policy dimension (strategy, formalization), what is your goal for your digital diversity and inclusion integration? Please click on the description that best fits your company's future desired situation. "
Environmental,Diversity & inclusion,1,"Awareness campaigns introduce digital tool accessibility features (visual, audio, tactile) and their potential benefits. Usage is minimal and not yet integrated into daily tasks.","Awareness campaigns introduce digital tool accessibility features (visual, audio, tactile) and their potential benefits. Usage is minimal and not yet integrated into daily tasks.","Digital tools are used only for basic onboarding or training content. Accessibility features are minimal or generic, offering limited support for diverse abilities.","Digital tools are used only for basic onboarding or training content. Accessibility features are minimal or generic, offering limited support for diverse abilities.","General inclusion policies exist, but they have no integration with digital systems or tools. Efforts are manual and lack operational alignment.","General inclusion policies exist, but they have no integration with digital systems or tools. Efforts are manual and lack operational alignment."
Social,Diversity & inclusion,2,Targeted training is provided to employees with diverse needs on how to use digital tools such as fault guides and instructional overlays adapted to specific disabilities.,Targeted training is provided to employees with diverse needs on how to use digital tools such as fault guides and instructional overlays adapted to specific disabilities.,"Digital tools provide accessible visual, audio, or tactile overlays for specific diagnostic or instructional tasks. Support is available for selected disabilities (e.g., hearing, vision, mobility) but not yet integrated across all operations.","Digital tools provide accessible visual, audio, or tactile overlays for specific diagnostic or instructional tasks. Support is available for selected disabilities (e.g., hearing, vision, mobility) but not yet integrated across all operations.","Policies require diagnostics of task inclusiveness and digital tool accessibility features, using digital tools to assess whether workflows and interfaces support diverse needs.","Policies require diagnostics of task inclusiveness and digital tool accessibility features, using digital tools to assess whether workflows and interfaces support diverse needs."
Social,Diversity & inclusion,3,"Employees with diverse needs use digital tool simulations to safely rehearse complex or high-risk tasks in virtual environments, building confidence and competence.","Employees with diverse needs use digital tool simulations to safely rehearse complex or high-risk tasks in virtual environments, building confidence and competence.","Digital tools allow employees to rehearse complex operations, supporting diverse learning styles and expanding inclusive participation in process improvement and optimization activities.","Digital tools allow employees to rehearse complex operations, supporting diverse learning styles and expanding inclusive participation in process improvement and optimization activities.","Policies require predictive reviews of workplace accessibility gaps, leveraging digital tools to anticipate and plan for inclusion challenges across roles and environments.","Policies require predictive reviews of workplace accessibility gaps, leveraging digital tools to anticipate and plan for inclusion challenges across roles and environments."
Social,Diversity & inclusion,4,"Employees collaborate with prescriptive digital tools that deliver tailored, real-time instructions using accessibility features (e.g., voice guidance, gaze-based navigation, haptic feedback).","Employees collaborate with prescriptive digital tools that deliver tailored, real-time instructions using accessibility features (e.g., voice guidance, gaze-based navigation, haptic feedback).","Digital tools guide employees through real-time operational tasks using user-adaptive prompts, voice control, gesture recognition, and navigation; tailored to individual needs and work contexts.","Digital tools guide employees through real-time operational tasks using user-adaptive prompts, voice control, gesture recognition, and navigation; tailored to individual needs and work contexts.","Policies enforce prescriptive digital tools deployment, integrating inclusion and accessibility features directly into operational workflows to guide equitable task execution.","Policies enforce prescriptive digital tools deployment, integrating inclusion and accessibility features directly into operational workflows to guide equitable task execution."
Social,Diversity & inclusion,5,"Employees actively contribute to adaptive digital systems that learn from user input to continuously enhance accessibility. Customization becomes embedded and automated, supporting inclusive experiences at scale.","Employees actively contribute to adaptive digital systems that learn from user input to continuously enhance accessibility. Customization becomes embedded and automated, supporting inclusive experiences at scale.","AI-powered digital tools autonomously personalize task flows, content display, interaction modes, and user interfaces to fit each employee’s cognitive, sensory, or physical requirements; empowering full participation in all operational roles.","AI-powered digital tools autonomously personalize task flows, content display, interaction modes, and user interfaces to fit each employee’s cognitive, sensory, or physical requirements; empowering full participation in all operational roles.","Policies require adaptive digital tools embedded across workflows, with systems dynamically optimising accessibility and personalisation in real time, requiring human intervention only for exception management.","Policies require adaptive digital tools embedded across workflows, with systems dynamically optimising accessibility and personalisation in real time, requiring human intervention only for exception management."
Social,Training & skills,,"Within the people dimension (skills and knowledge), what is your digital training and skills competency? Please click on the description that best fits your company's current situation. ","Within the people dimension (skills and knowledge), what is your goal for your digital training and skills competency? Please click on the description that best fits your company's future desired situation. ","Within the process dimension (equipment and production), what is your digital training and skills intelligence? Please click on the description that best fits your company's current situation. ","Within the process dimension (equipment and production), what is your goal for your digital training and skills intelligence? Please click on the description that best fits your company's future desired situation. ","Within the policy dimension (strategy and formalization), what is your digital training and skills integration? Please click on the description that best fits your company's current situation. ","Within the policy dimension (strategy and formalization), what is your goal for your digital training and skills integration? Please click on the description that best fits your company's future desired situation. "
Social,Training & skills,1,"Awareness campaigns introduce digital learning tools, but engagement is limited and informal.","Awareness campaigns introduce digital learning tools, but engagement is limited and informal.",Human-Machine Interfaces (HMI) and dashboards are used for static data display only. They provide limited or no support for learning or skill development during task execution.,Human-Machine Interfaces (HMI) and dashboards are used for static data display only. They provide limited or no support for learning or skill development during task execution.,"General training policies exist, but they are not linked to digital tools. Learning programs are static and not tailored to individual or operational needs.","General training policies exist, but they are not linked to digital tools. Learning programs are static and not tailored to individual or operational needs."
Social,Training & skills,2,Employees receive targeted training on how to use digital dashboards platforms for job-specific learning and real-time performance support.,Employees receive targeted training on how to use digital dashboards platforms for job-specific learning and real-time performance support.,"Digital trend logs and analytics are used to identify operator errors and uncover training gaps, informing reactive training interventions or procedural updates.","Digital trend logs and analytics are used to identify operator errors and uncover training gaps, informing reactive training interventions or procedural updates.","Policies require diagnostics of training gaps using digital platforms, identifying current competency levels and areas needing improvement across roles.","Policies require diagnostics of training gaps using digital platforms, identifying current competency levels and areas needing improvement across roles."
Social,Training & skills,3,"Staff interpret predictive alerts indicating skill gaps or upcoming training needs, and independently engage with simulations or tailored learning content.","Staff interpret predictive alerts indicating skill gaps or upcoming training needs, and independently engage with simulations or tailored learning content.","Predictive AR/HMI systems analyze upcoming tasks and operator profiles to forecast where task complexity or variation may require additional training, enabling proactive preparation.","Predictive AR/HMI systems analyze upcoming tasks and operator profiles to forecast where task complexity or variation may require additional training, enabling proactive preparation.","Policies require predictive modelling of workforce skills gaps, using data to forecast future learning needs and align training with evolving job requirements.","Policies require predictive modelling of workforce skills gaps, using data to forecast future learning needs and align training with evolving job requirements."
Social,Training & skills,4,"Employees collaborate with prescriptive digital training tools that recommend content, pathways, or skill-building activities based on role, performance, and development goals. Feedback loops refine the learning experience.","Employees collaborate with prescriptive digital training tools that recommend content, pathways, or skill-building activities based on role, performance, and development goals. Feedback loops refine the learning experience.","Digital overlays and contextual guidance systems (via AR or enhanced HMI) are deployed in real time, supporting hands-on learning through adaptive instructions, alerts, and reinforcement at the point of use.","Digital overlays and contextual guidance systems (via AR or enhanced HMI) are deployed in real time, supporting hands-on learning through adaptive instructions, alerts, and reinforcement at the point of use.","Policies mandate prescriptive training tools, delivering real-time, role-specific learning based on operational context and individual performance.","Policies mandate prescriptive training tools, delivering real-time, role-specific learning based on operational context and individual performance."
Social,Training & skills,5,"Employees participate in peer-learning communities supported by digital systems that dynamically personalise training journeys. The platform evolves through employee feedback, usage data, and operational needs.","Employees participate in peer-learning communities supported by digital systems that dynamically personalise training journeys. The platform evolves through employee feedback, usage data, and operational needs.","AI-driven AR bots and HMI systems autonomously personalize interfaces, learning modules, and feedback based on worker performance, learning styles, and needs, ensuring inclusive, just-in-time skill development across all roles and shifts.","AI-driven AR bots and HMI systems autonomously personalize interfaces, learning modules, and feedback based on worker performance, learning styles, and needs, ensuring inclusive, just-in-time skill development across all roles and shifts.","Policies require adaptive digital learning platforms, which autonomously deliver personalised and inclusive training pathways, continuously optimising content with minimal human intervention.","Policies require adaptive digital learning platforms, which autonomously deliver personalised and inclusive training pathways, continuously optimising content with minimal human intervention."
Social,Health & safety,,"Within the people dimension (skills and knowledge), what is your digital occupation health & safety competence? Please click on the description that best fits your company's current situation. ","Within the people dimension (skills and knowledge), what is your goal for your digital occupation health & safety competence? Please click on the description that best fits your company's future desired situation. ","Within the process dimension (equipment and production), what is your digital occupation health & safety intelligence? Please click on the description that best fits your company's current situation. ","Within the process dimension (equipment and production), what is your goal for your digital occupation health & safety intelligence? Please click on the description that best fits your company's future desired situation. ","Within the policy dimension (strategy and formalization), what is your digital occupation health & safety integration? Please click on the description that best fits your company's current situation. ","Within the policy dimension (strategy and formalization), what is your goal for your digital occupation health & safety integration? Please click on the description that best fits your company's future desired situation. "
Social,Health & safety,1,"Awareness sessions introduce employees to common safety risks and the potential of basic digital tools (e.g., SPC, AR) to support safer work practices.","Awareness sessions introduce employees to common safety risks and the potential of basic digital tools (e.g., SPC, AR) to support safer work practices.","Basic SPC (Statistical Process Control) dashboards display process data such as temperature, pressure, or output rates, but provide limited insight into safety-specific conditions or risks.","Basic SPC (Statistical Process Control) dashboards display process data such as temperature, pressure, or output rates, but provide limited insight into safety-specific conditions or risks.","General OHS policies exist, but they are not linked to digital systems. Safety management relies on manual procedures and reactive reporting.","General OHS policies exist, but they are not linked to digital systems. Safety management relies on manual procedures and reactive reporting."
Social,Health & safety,2,Employees receive training on using diagnostic dashboards and AR overlays that highlight hazards and provide real-time safety guidance to prevent incidents.,Employees receive training on using diagnostic dashboards and AR overlays that highlight hazards and provide real-time safety guidance to prevent incidents.,"Digital systems analyze causes of unsafe patterns, such as excessive vibrations, worker overload, or entry into restricted zones. Safety responses are reactive and reliant on manual intervention.","Digital systems analyze causes of unsafe patterns, such as excessive vibrations, worker overload, or entry into restricted zones. Safety responses are reactive and reliant on manual intervention.","Policies require diagnostics of safety incidents and risks using digital tools, enabling visibility into unsafe conditions, near misses, and compliance gaps.","Policies require diagnostics of safety incidents and risks using digital tools, enabling visibility into unsafe conditions, near misses, and compliance gaps."
Social,Health & safety,3,"Staff interpret predictive safety alerts (e.g., fatigue risk, equipment hazards) and proactively adapt work routines or schedules to reduce risk.","Staff interpret predictive safety alerts (e.g., fatigue risk, equipment hazards) and proactively adapt work routines or schedules to reduce risk.","Predictive tools identify early warning signs of process drift, ergonomic stress, mental/physical overload, or environmental hazards. Risk alerts are generated to guide preemptive actions.","Predictive tools identify early warning signs of process drift, ergonomic stress, mental/physical overload, or environmental hazards. Risk alerts are generated to guide preemptive actions.","Policies mandate predictive systems for OHS risk forecasting, including models to anticipate incidents, monitor fatigue, and identify emerging hazards.","Policies mandate predictive systems for OHS risk forecasting, including models to anticipate incidents, monitor fatigue, and identify emerging hazards."
Social,Health & safety,4,"Employees work with prescriptive systems that recommend adjustments to workflows, task sequencing, or safety procedures based on real-time risk assessments and operational data.","Employees work with prescriptive systems that recommend adjustments to workflows, task sequencing, or safety procedures based on real-time risk assessments and operational data.","Systems automatically adjust task sequencing, pacing, or guidance in real time to prevent unsafe conditions. E.g., reducing manual workload, rerouting foot traffic, or triggering rest cycles.","Systems automatically adjust task sequencing, pacing, or guidance in real time to prevent unsafe conditions. E.g., reducing manual workload, rerouting foot traffic, or triggering rest cycles.","Policies enforce prescriptive systems that dynamically adjust task flows, safety zones, and work routines in real time to mitigate identified risks.","Policies enforce prescriptive systems that dynamically adjust task flows, safety zones, and work routines in real time to mitigate identified risks."
Social,Health & safety,5,"Employees actively contribute to digital safety platforms that learn from feedback, incidents, and near-misses. Systems continuously optimise alerts, guidance, and task flows to enhance safety performance across the organization.","Employees actively contribute to digital safety platforms that learn from feedback, incidents, and near-misses. Systems continuously optimise alerts, guidance, and task flows to enhance safety performance across the organization.","AI-driven systems continuously and autonomously manage workloads, task distribution, and hazard avoidance across operations; dynamically minimizing risk exposure without the need for operator input.","AI-driven systems continuously and autonomously manage workloads, task distribution, and hazard avoidance across operations; dynamically minimizing risk exposure without the need for operator input.","Policies require adaptive safety systems embedded into all operations, with autonomous platforms continuously optimising workplace safety conditions and requiring human oversight only for exceptions.","Policies require adaptive safety systems embedded into all operations, with autonomous platforms continuously optimising workplace safety conditions and requiring human oversight only for exceptions."
Social,Work-life balance,,"Within the people dimension (skills and knowledge), what is your digital work-life balance competence? Please click on the description that best fits your company's current situation. ","Within the people dimension (skills and knowledge), what is your goal for your digital work-life balance competence? Please click on the description that best fits your company's future desired situation. ","Within the process dimension (equipment and production), what is your digital work-life balance intelligence? Please click on the description that best fits your company's current situation. ","Within the process dimension (equipment and production), what is your goal for your digital work-life balance intelligence? Please click on the description that best fits your company's future desired situation. ","Within the policy dimension (strategy and formalization), what is your digital work-life balance integration? Please click on the description that best fits your company's current situation. ","Within the policy dimension (strategy and formalization), what is your goal for your digital work-life balance integration? Please click on the description that best fits your company's future desired situation. "
Social,Work-life balance,1,"Basic remote collaboration tools are available (e.g., video conferencing, shared documents) but are inconsistently used. Flexible work options are informal and not digitally managed.","Basic remote collaboration tools are available (e.g., video conferencing, shared documents) but are inconsistently used. Flexible work options are informal and not digitally managed.",Tasks and workloads are tracked manually through MES reports or spreadsheets. There is limited insight into workload distribution or opportunities for remote/flexible task support.,Tasks and workloads are tracked manually through MES reports or spreadsheets. There is limited insight into workload distribution or opportunities for remote/flexible task support.,"General work-life balance policies exist, but they are not connected to digital systems. Monitoring of workload and well-being is manual and ad hoc.","General work-life balance policies exist, but they are not connected to digital systems. Monitoring of workload and well-being is manual and ad hoc."
Social,Work-life balance,2,"Teams use digital dashboards to identify inefficiencies in remote work models, such as uneven task distribution or excessive meeting loads, and begin optimizing team workflows.","Teams use digital dashboards to identify inefficiencies in remote work models, such as uneven task distribution or excessive meeting loads, and begin optimizing team workflows.","Dashboards and reports are used to analyze workload imbalances, identify signs of overwork, and assess on-site task concentration. Interventions are reactive and typically manager-driven.","Dashboards and reports are used to analyze workload imbalances, identify signs of overwork, and assess on-site task concentration. Interventions are reactive and typically manager-driven.","Policies require diagnostics of overwork and work-life balance risks, using digital tools to track working hours, task loads, and well-being indicators.","Policies require diagnostics of overwork and work-life balance risks, using digital tools to track working hours, task loads, and well-being indicators."
Social,Work-life balance,3,"Teams apply predictive simulations and Digital Twin models to forecast workload peaks, reduce unnecessary on-site presence, and support more balanced task allocation across locations.","Teams apply predictive simulations and Digital Twin models to forecast workload peaks, reduce unnecessary on-site presence, and support more balanced task allocation across locations.","Digital tools forecast workload peaks, identify recurring overwork patterns, and anticipate needs for on-site presence; supporting proactive workforce planning.","Digital tools forecast workload peaks, identify recurring overwork patterns, and anticipate needs for on-site presence; supporting proactive workforce planning.","Policies require predictive modelling of workload and site visit risks, enabling proactive planning to mitigate burnout and support individual well-being.","Policies require predictive modelling of workload and site visit risks, enabling proactive planning to mitigate burnout and support individual well-being."
Social,Work-life balance,4,"Teams work with prescriptive digital systems to implement flexible schedules, redistribute tasks, and formalize hybrid work models based on team capacity and preferences.","Teams work with prescriptive digital systems to implement flexible schedules, redistribute tasks, and formalize hybrid work models based on team capacity and preferences.","Systems recommend or enable task redistribution, paced scheduling, and remote execution options (e.g., remote inspections, digital collaboration) to support individual and team work-life balance.","Systems recommend or enable task redistribution, paced scheduling, and remote execution options (e.g., remote inspections, digital collaboration) to support individual and team work-life balance.","Policies mandate prescriptive systems to dynamically adjust work schedules, remote work options, and task balancing in response to real-time conditions.","Policies mandate prescriptive systems to dynamically adjust work schedules, remote work options, and task balancing in response to real-time conditions."
Social,Work-life balance,5,"Adaptive digital platforms automatically optimize collaboration and workload planning using real-time data on employee stress, availability, and well-being, creating a dynamic system that supports sustainable work-life balance.","Adaptive digital platforms automatically optimize collaboration and workload planning using real-time data on employee stress, availability, and well-being, creating a dynamic system that supports sustainable work-life balance.","AI-enabled systems autonomously balance workloads, adjust shift schedules, and manage remote work flows in real time; optimizing productivity while protecting personal time, recovery, and flexibility across roles and sites.","AI-enabled systems autonomously balance workloads, adjust shift schedules, and manage remote work flows in real time; optimizing productivity while protecting personal time, recovery, and flexibility across roles and sites.","Policies require adaptive digital systems that autonomously manage workload distribution, remote work scheduling, and task flows, with minimal human intervention and exception-based oversight.","Policies require adaptive digital systems that autonomously manage workload distribution, remote work scheduling, and task flows, with minimal human intervention and exception-based oversight."
Governance,Ethical culture & behavior,,"Within the people dimension (skills and knowledge), what is your digital ethical culture & behavior competency? Please click on the description that best fits your company's current situation. ","Within the people dimension (skills and knowledge), what is your goal for your digital ethical culture & behavior competency? Please click on the description that best fits your company's future desired situation. ","Within the process dimension (equipment & production), what is your digital ethical culture & behavior intelligence? Please click on the description that best fits your company's current situation. ","Within the process dimension (equipment & production), what is your goal for your digital ethical culture & behavior intelligence? Please click on the description that best fits your company's future desired situation. ","Within the policy dimension (equipment & production), what is your digital ethical culture & behavior integration? Please click on the description that best fits your company's current situation. ","Within the policy dimension (equipment & production), what is your goal for your digital ethical culture & behavior integration? Please click on the description that best fits your company's future desired situation. "
Governance,Ethical culture & behavior,1,"Awareness sessions introduce employees to ethical reporting channels via MES, HMI dashboards, or other digital systems. Participation is minimal and mostly reactive.","Awareness sessions introduce employees to ethical reporting channels via MES, HMI dashboards, or other digital systems. Participation is minimal and mostly reactive.","Basic MES or HMI interfaces provide manual input channels for incident or ethics-related reporting. Reporting is often underused, with limited visibility or follow-up.","Basic MES or HMI interfaces provide manual input channels for incident or ethics-related reporting. Reporting is often underused, with limited visibility or follow-up.","General ethics reporting policies exist, but they are not linked to digital systems. Reporting is manual, reactive, and often lacks visibility or follow-up.","General ethics reporting policies exist, but they are not linked to digital systems. Reporting is manual, reactive, and often lacks visibility or follow-up."
Governance,Ethical culture & behavior,2,"Employees receive targeted training on how to identify misconduct, unsafe behaviors, or ethical concerns and report them through structured digital tools.","Employees receive targeted training on how to identify misconduct, unsafe behaviors, or ethical concerns and report them through structured digital tools.","Systems log reported events and visualize trends, enabling diagnostic analysis of root causes and recurrence patterns related to misconduct, safety breaches, or ethical lapses.","Systems log reported events and visualize trends, enabling diagnostic analysis of root causes and recurrence patterns related to misconduct, safety breaches, or ethical lapses.",Policies require all incident data to be logged and visualised through digital platforms such as MES (Manufacturing Execution Systems) and HMI (Human-Machine Interface) dashboards to ensure transparency and accountability.,Policies require all incident data to be logged and visualised through digital platforms such as MES (Manufacturing Execution Systems) and HMI (Human-Machine Interface) dashboards to ensure transparency and accountability.
Governance,Ethical culture & behavior,3,"Staff are able to interpret predictive system alerts that flag recurring ethical or safety risks. They participate in resolution efforts, such as ethics committees or improvement teams.","Staff are able to interpret predictive system alerts that flag recurring ethical or safety risks. They participate in resolution efforts, such as ethics committees or improvement teams.","Predictive analytics identify hotspots for potential ethical risks based on behavioral trends, absenteeism, prior incidents, and environmental or task-related factors.","Predictive analytics identify hotspots for potential ethical risks based on behavioral trends, absenteeism, prior incidents, and environmental or task-related factors.","Policies mandate predictive analytics on ethics trends, enabling pre-emptive interventions by identifying patterns in behaviour, reporting frequency, and risk areas.","Policies mandate predictive analytics on ethics trends, enabling pre-emptive interventions by identifying patterns in behaviour, reporting frequency, and risk areas."
Governance,Ethical culture & behavior,4,Employees collaborate with prescriptive digital tools that provide structured guidance and escalation paths for ethical decision-making and risk mitigation.,Employees collaborate with prescriptive digital tools that provide structured guidance and escalation paths for ethical decision-making and risk mitigation.,"Systems recommend process changes, task redistribution, or shift pattern adjustments to reduce exposure to unsafe or unethical conditions and promote positive workplace culture.","Systems recommend process changes, task redistribution, or shift pattern adjustments to reduce exposure to unsafe or unethical conditions and promote positive workplace culture.","Policies enforce prescriptive digital decision-support systems, guiding real-time escalation, response, and corrective actions based on ethical risk parameters.","Policies enforce prescriptive digital decision-support systems, guiding real-time escalation, response, and corrective actions based on ethical risk parameters."
Governance,Ethical culture & behavior,5,"Employees engage in adaptive, peer-driven communities of practice focused on ethics. Supported by anonymized digital reporting platforms and AI-assisted coaching, these systems evolve to foster a strong, self-sustaining ethical culture.","Employees engage in adaptive, peer-driven communities of practice focused on ethics. Supported by anonymized digital reporting platforms and AI-assisted coaching, these systems evolve to foster a strong, self-sustaining ethical culture.","Autonomous systems monitor workflows in real time, detect potential unethical behavior, adjust operational flows accordingly, and trigger alerts or escalation protocols; ensuring rapid, anonymous, and protected reporting and intervention.","Autonomous systems monitor workflows in real time, detect potential unethical behavior, adjust operational flows accordingly, and trigger alerts or escalation protocols; ensuring rapid, anonymous, and protected reporting and intervention.","Policies require fully autonomous digital systems to manage and escalate ethical risks, maintaining anonymity, enabling continuous monitoring, and fostering a proactive, values-driven culture with minimal human involvement.","Policies require fully autonomous digital systems to manage and escalate ethical risks, maintaining anonymity, enabling continuous monitoring, and fostering a proactive, values-driven culture with minimal human involvement."
